Date,stress_1d,stress_5d
2022-01-20,,0.6136162485890873
2022-01-21,,1.4501944218693745
2022-01-24,,1.31656630997031
2022-01-25,1.0162830335327393,1.3302314605811245
2022-01-26,1.3265994883988512,1.2805051224020878
2022-01-27,1.4283526913587887,1.206839389573521
2022-01-28,1.0068713814473738,0.7469794317298686
2022-01-31,0.2365575143808694,3.036200591207566
2022-02-01,0.060774069869284464,0.38683997519738106
2022-02-02,0.1290395203249953,0.032804392534471344
2022-02-03,1.0105583537439586,0.6845223843838044
2022-02-04,0.08192126472534277,0.1052536219793548
2022-02-07,0.2496754695605939,0.2000871851974723
2022-02-08,0.40298202654181153,0.07451401663667784
2022-02-09,0.15311221373976217,0.20619049259032535
2022-02-10,0.8154662116811215,0.3750938796984051
2022-02-11,1.0717281564079573,1.1821391053885346
2022-02-14,1.1814447989435968,1.216667359352295
2022-02-15,1.0271218351383877,0.5376360589751612
2022-02-16,0.4823199090128584,0.5441559100708574
2022-02-17,1.5773912959387908,1.0504555739886456
2022-02-18,1.1653008115351893,0.8837956924198694
2022-02-22,1.278474526979986,1.3114136297240968
2022-02-23,1.3783342655348756,1.547399999439836
2022-02-24,1.545035046116964,1.397570834398202
2022-02-25,0.978045968336312,0.46337160410147726
2022-02-28,1.781895445761997,1.61485792961511
2022-03-01,2.429319058910736,1.5736623363130209
2022-03-02,1.6642182513469475,1.1295324895310088
2022-03-03,2.0114546720156103,1.343554494262412
2022-03-04,2.1948040646645537,1.5600723948510653
2022-03-07,2.5988251780302973,2.3966094888027034
2022-03-08,2.8169188072367146,2.2563722441527165
2022-03-09,1.8510174238283188,1.3195671701833698
2022-03-10,1.6648497882353284,1.357277524007273
2022-03-11,1.6984641856640563,1.3686820134434214
2022-03-14,2.5878273038039477,1.4049227765392847
2022-03-15,1.4887633139452088,1.2178529362279715
2022-03-16,0.6866988527839908,0.7875601505062345
2022-03-17,1.0753108944901544,0.848139016444038
2022-03-18,0.5203090781339295,0.23362968573933696
2022-03-21,1.024905331095176,0.49058564792192844
2022-03-22,0.41039551720974715,0.1130375937674967
2022-03-23,0.7679544182867185,0.4735300599084623
2022-03-24,0.18118382721413798,0.12133046552290597
2022-03-25,0.2804306834654872,0.44376936117533916
2022-03-28,0.44115125108232944,0.5399897281209709
2022-03-29,0.28978838246177085,0.013640323506971907
2022-03-30,0.38199984362604955,0.29438266966761995
2022-03-31,0.43371089638491334,0.36265253901182115
2022-04-01,0.3435691100223169,0.2544933685150203
2022-04-04,-0.1355464711198896,-0.034885570415878676
2022-04-05,1.0295996179131037,0.23805198972061567
2022-04-06,0.7060301628533645,0.5893051435647603
2022-04-07,0.05765743158959518,0.0075188754738403744
2022-04-08,0.29165195188406984,0.5950891347949332
2022-04-11,0.5836311079533808,0.9912411202325043
2022-04-12,0.46453833522271654,0.34735641414042856
2022-04-13,0.32922637528949206,0.14347731918338158
2022-04-14,0.2369592943233604,0.182906860233325
2022-04-18,0.07318031418017716,0.19512914237207937
2022-04-19,0.3264873101310725,0.06478521766099278
2022-04-20,0.19076132296735787,0.6474694897887451
2022-04-21,0.5897711654897845,0.5788806480069352
2022-04-22,0.9872405783104359,1.6228570832189324
2022-04-25,1.0088875367199543,0.8819440743677728
2022-04-26,2.20237465762514,1.7879920691835156
2022-04-27,1.634736616372112,1.5698774632741428
2022-04-28,0.9603984518180361,1.3900259825384451
2022-04-29,3.0524924533745112,1.7143689766227266
2022-05-02,1.3795603183700094,1.4770641046757298
2022-05-03,1.1302299239547282,1.3816003055519384
2022-05-04,0.30054436825039893,1.4319620113421463
2022-05-05,3.2492136619147645,2.620886403732463
2022-05-06,1.8412888243669854,1.8723056298582872
2022-05-09,3.2059512090428592,4.337827612069214
2022-05-10,2.050838572473798,3.1671906989020266
2022-05-11,2.109866025747643,1.959994165104895
2022-05-12,1.9909516038183128,2.1394914750461473
2022-05-13,1.7328710377926173,1.7539236837754297
2022-05-16,1.8856761676618063,1.3112947785973221
2022-05-17,0.9427399108237865,1.093928249900215
2022-05-18,3.4314894430156864,2.2200175285714177
2022-05-19,2.3765785812096887,1.9870721905809035
2022-05-20,2.149821780364903,1.8947559106655776
2022-05-23,1.8068470744639373,1.591441145908141
2022-05-24,2.218208887815428,1.9173411038633792
2022-05-25,1.6851169211981396,1.5447530240205376
2022-05-26,1.516436899317138,1.1580079655022222
2022-05-27,1.0227395118627431,1.102988449803777
2022-05-31,1.4104139895053383,1.1448294371595862
2022-06-01,1.4015789086736499,1.1926677514341353
2022-06-02,0.6656919942115053,1.2427572442312267
2022-06-03,0.7799257517395191,1.4494790060865408
2022-06-06,0.7419367522223159,1.3312170748546583
2022-06-07,0.5141654111888226,0.19145495088446982
2022-06-08,0.865276807101456,0.789090552369039
2022-06-09,1.089575777721652,1.4203823428690183
2022-06-10,1.6180503382120357,1.6233593623107754
2022-06-13,4.398268500122173,3.6321304568510127
2022-06-14,2.119622324446459,2.4660659894855343
2022-06-15,2.4409856843924618,2.648091785654245
2022-06-16,2.4723022382359154,2.763124486366972
2022-06-17,2.5985030961638067,2.4443147886101273
2022-06-21,1.3112892192927026,2.776890770949461
2022-06-22,2.4331576153252996,2.1136387969900734
2022-06-23,2.0285313090665076,2.575184216105748
2022-06-24,1.0168833714731367,1.9406241155574988
2022-06-27,1.3293432579901534,1.5791862084542838
2022-06-28,1.5890945220777124,2.6538031698132127
2022-06-29,1.7873463094707782,1.8892087272209759
2022-06-30,2.4180688864830113,2.5763219051737734
2022-07-01,1.3797402413496975,0.8627633003182041
2022-07-05,1.7331616817884494,1.608675209730467
2022-07-06,1.3544142105314958,1.1571973366887645
2022-07-07,0.6426540399551283,1.6843371145022996
2022-07-08,0.5793696129126487,0.8298494463414782
2022-07-11,1.1711759306060512,1.06858757013063
2022-07-12,1.4834088349923389,1.2522588080316095
2022-07-13,0.8282131663216412,1.1620919230931348
2022-07-14,0.9852624907385534,0.7953094026564053
2022-07-15,0.4692003747935916,0.37456305466265016
2022-07-18,0.6487959234022493,1.1255350672454385
2022-07-19,-0.03383953364347987,0.661986233277006
2022-07-20,0.39661032633999727,0.19893666325414544
2022-07-21,0.6730855852280143,0.15429323673495413
2022-07-22,0.8437061662618334,0.42412160938991195
2022-07-25,0.3724406194595222,0.39464293753735
2022-07-26,0.9726193954296126,1.1201976048573539
2022-07-27,-0.0439432521496959,0.15312620542876232
2022-07-28,0.3548452441935712,0.18619685011195636
2022-07-29,-0.06874483400501387,0.29511635157055854
2022-08-01,0.47933692345883955,0.07019100778861737
2022-08-02,1.4242865958694575,0.4887209626146818
2022-08-03,0.5488026742608613,0.01842018280942007
2022-08-04,0.46147241180008475,0.05947036581939627
2022-08-05,1.1357533808275617,0.06975822909253027
2022-08-08,0.32137981685791017,0.5246378848753164
2022-08-09,0.4260155785617945,0.503158959695198
2022-08-10,-0.08724190748360165,0.10670842780839693
2022-08-11,0.46555540230684783,0.0956410336119919
2022-08-12,-0.024797848087530897,0.2076862176033323
2022-08-15,0.3118631371516039,0.06530898305562181
2022-08-16,0.13102736483294664,0.05793156161545736
2022-08-17,-0.013262409260780766,0.14022052223608225
2022-08-18,0.08927546441194918,0.013521403492058732
2022-08-19,0.08236739997358791,0.5675463531992958
2022-08-22,0.40437853641196303,0.8484231163801056
2022-08-23,0.22284224557967888,0.6761573863843194
2022-08-24,0.15418896700651313,0.44341431050415164
2022-08-25,-0.020550840707118996,0.2930639027107279
2022-08-26,1.0331668661812248,0.8375016159206152
2022-08-29,0.6927818308304655,0.8001442610573367
2022-08-30,0.9307972554654019,0.7818529311225278
2022-08-31,0.5886936583703731,0.8408199155998644
2022-09-01,1.0102200239557049,0.7122369426031656
2022-09-02,0.560061157509292,0.5288866129722946
2022-09-06,1.1332505269262618,1.0274426183036791
2022-09-07,1.226914356212856,0.9211094791849355
2022-09-08,0.6147725256320308,0.5459189031029774
2022-09-09,0.3036913894917322,-0.010403717810256022
2022-09-12,0.26428019420785115,0.2977024960933952
2022-09-13,2.3519314629666077,1.2900502291514089
2022-09-14,0.9114379769267014,0.6565766610349042
2022-09-15,1.0865743873210878,1.069025562897294
2022-09-16,1.14081515351915,0.7095752987414946
2022-09-19,0.8027864864908725,0.6355145693483054
2022-09-20,1.0647573142393991,1.255709316816927
2022-09-21,1.196428414545098,1.3161511641344
2022-09-22,2.011353299586115,1.218232514419318
2022-09-23,1.150928888208846,1.9547760725000491
2022-09-26,2.7429539743606446,1.8644666230558116
2022-09-27,1.6725267440959661,1.987307469590174
2022-09-28,1.252801767422271,1.6129898328166963
2022-09-29,1.8425723060412604,1.2665783573361271
2022-09-30,1.7817032412842677,1.3603265051460465
2022-10-03,1.24178350692083,1.7454175399709018
2022-10-04,0.9677906855911048,2.3018378411392737
2022-10-05,1.7913655385986014,1.7963470535737736
2022-10-06,2.137117689961762,1.9011141382401768
2022-10-07,2.1085488214964183,1.7294650909486795
2022-10-10,2.1275738207527333,1.5467531525958171
2022-10-11,2.739446840819764,1.7208810306196243
2022-10-12,2.21171140956568,1.9117548144606302
2022-10-13,0.8915346132434883,1.7933830112896458
2022-10-14,1.9725328566784894,1.8878248452141115
2022-10-17,1.6022709431197384,1.5907007531152044
2022-10-18,1.8429726708587417,1.4494436037675829
2022-10-19,2.0343076806086438,2.0636401865252476
2022-10-20,1.8123975075708723,2.5010087191047554
2022-10-21,1.3712970682201233,1.6202306988577133
2022-10-24,1.65985322317006,1.9846854942436551
2022-10-25,2.148569997898932,1.2700028226543858
2022-10-26,1.464301691501387,1.4411590447854097
2022-10-27,1.3992724136314436,1.5022257248799225
2022-10-28,0.8057206866398402,1.1129556872295407
2022-10-31,0.961454717534018,1.3222929091581859
2022-11-01,0.7671071315479111,0.8413040274355806
2022-11-02,1.0088481196878438,1.3529346221141978
2022-11-03,0.8119372057358302,1.206775496240767
2022-11-04,0.851682540858687,0.7989029493126749
2022-11-07,0.508286868644437,0.5916930992555814
2022-11-08,0.7780800429786374,0.8175774817747979
2022-11-09,1.0145773034223307,1.0668036287043776
2022-11-10,1.7025380511456008,3.1210929886591066
2022-11-11,0.9056344626550636,0.5964087463580275
2022-11-14,1.0930746656126031,1.4580088935247657
2022-11-15,0.8690461144728783,2.1343193614088327
2022-11-16,1.3234728048228754,1.0530624021090693
2022-11-17,0.8212349415365718,1.1723909588501975
2022-11-18,0.6050535864398454,0.9780774607207614
2022-11-21,0.7017123611001176,1.0026737762897582
2022-11-22,0.31724550839916416,0.8949669149274223
2022-11-23,0.3992184697578114,0.9077651807071424
2022-11-25,0.53082863122624,0.6677735285993874
2022-11-28,0.6177963474218873,0.7897046007071119
2022-11-29,0.3783404155893581,0.6107661674680485
2022-11-30,0.6331145522192165,0.7268351261961251
2022-12-01,0.41116112317408804,0.2441256628893341
2022-12-02,0.36884118959918827,0.08052817831019946
2022-12-05,0.8065467822528815,0.7334125137594799
2022-12-06,0.7871667031543329,0.8535517473707287
2022-12-07,0.7122169358229473,1.0029108928527943
2022-12-08,0.3291992406382937,0.4565184904717666
2022-12-09,0.5475885075464522,0.6578494880224371
2022-12-12,0.3147834365341037,0.8192054442868927
2022-12-13,0.035370435198417365,0.5201277922001917
2022-12-14,0.21628657055512518,0.15011616945291512
2022-12-15,0.4062084775113357,0.32035227870737043
2022-12-16,0.50924163859345,0.2443836255855782
2022-12-19,0.25649157401760825,0.18088300116355377
2022-12-20,0.3243215651939671,0.18687506618338717
2022-12-21,0.32242275037485957,0.14144208957693274
2022-12-22,0.28708365073208253,0.21956477549593847
2022-12-23,0.2924884564549344,0.12793938805548002
2022-12-27,0.3487152839965649,0.6613332628213323
2022-12-28,0.3406812889722545,0.20318978419396086
2022-12-29,-0.003700727099264455,0.1673408069224686
2022-12-30,0.02142615475307033,0.06616005626777595
2023-01-03,0.5890911466779433,0.8053203242704542
2023-01-04,0.0704545785270401,0.5144686476081323
2023-01-05,0.22832805363890046,0.2506658636660012
2023-01-06,0.09794963508263525,0.16907582896329948
2023-01-09,0.3277817711447673,0.1487891390603601
2023-01-10,-0.031874019058948745,0.03956885323601163
2023-01-11,0.031138999775146933,0.013640323506971907
2023-01-12,0.06673437474560251,0.07856251505914667
2023-01-13,-0.009784590986768827,-0.2587455468264387
2023-01-17,0.05145540326816834,0.08494014673574242
2023-01-18,0.6498479596279682,0.2557046830318973
2023-01-19,0.2622118376371153,0.24977611123531382
2023-01-20,0.022572138091551192,0.0019922980138275927
2023-01-23,-0.053965867363209616,0.10546652723487401
2023-01-24,0.2761063842457534,0.22801371199569237
2023-01-25,0.39629619449704784,0.5016487633108166
2023-01-26,-0.008706649992982951,0.013077449372589579
2023-01-27,-0.021241767713783673,-0.22610143428095542
2023-01-30,0.3307295514964323,0.20983133676748597
2023-01-31,0.09507693499603946,0.13353030014165887
2023-02-01,0.17856547965145608,-0.037827719934488684
2023-02-02,-0.07960062211008802,0.18863977202954338
2023-02-03,0.016410042650649232,0.011784812827089867
2023-02-06,0.2420969914048973,0.1880839505137559
2023-02-07,0.049669650509213105,0.02371490115254465
2023-02-08,0.17991958196716837,0.30672719425529965
2023-02-09,0.3765249030575033,0.18032826474386596
2023-02-10,0.07126751055135483,0.49603390536189546
2023-02-13,0.2916393245862046,0.1673408069224686
2023-02-14,-0.11264909688335281,0.09123751278466154
2023-02-15,0.014474102947672445,-0.29848496832624327
2023-02-16,0.0812532131254549,0.17658424877509085
2023-02-17,0.3955577605618062,0.08348400734313584
2023-02-21,0.3626321460051879,0.3108250228978651
2023-02-22,0.1107778627959522,-0.0015523310119887456
2023-02-23,0.04122049796044464,0.07321799192084086
2023-02-24,0.01457386157946845,0.17914437126929947
2023-02-27,-0.016640892489075028,0.08014259521075345
2023-02-28,0.11693037298890327,0.08263805401583142
2023-03-01,0.09778985509251374,0.11121317711414937
2023-03-02,0.13408347935101025,0.279027956782459
2023-03-03,-0.23906788613729202,0.08180684440545477
2023-03-06,-0.0052854199547848505,0.3463910435601078
2023-03-07,0.19368514296850003,0.6623088672387285
2023-03-08,0.1837682930989754,0.4375297654131684
2023-03-09,0.7092469624597287,0.5356494551894506
2023-03-10,0.9201320628001344,0.9143346338644908
2023-03-13,1.6451753914069944,1.3105250795394903
2023-03-14,0.7983380449992398,0.4935567988217962
2023-03-15,2.7649819115793215,1.1263868101182601
2023-03-16,0.33778330053404637,0.20569070929725067
2023-03-17,2.010172416083119,0.7595120155705501
2023-03-20,0.7949302161400809,0.3953309257927835
2023-03-21,0.269034627386661,0.14146215590172814
2023-03-22,0.9968815380103346,0.2634133891577356
2023-03-23,0.4741072484739609,0.3003504857820271
2023-03-24,0.9213872151678937,0.2881519142825956
2023-03-27,1.1554927825340109,0.49284933759444727
2023-03-28,0.32201367554896876,0.5599139833798039
2023-03-29,-0.1240850622569528,0.5142710482979739
2023-03-30,-0.1478528363696441,0.19105414476239518
2023-03-31,-0.11667749333894835,0.25116665469900684
2023-04-03,-0.05613486115029512,0.32616192692713364
2023-04-04,0.2594748559453859,0.4091133975923478
2023-04-05,0.2623628074040444,0.6240107718903707
2023-04-06,0.003751419348746536,0.04366522494773493
2023-04-10,-0.1340867853717297,0.05066900091423807
2023-04-11,-0.1972333892304959,0.35741432557829195
2023-04-12,-0.090560278624992,0.4727274040373846
2023-04-13,-0.31168320792253984,-0.18730145124824676
2023-04-14,-0.37904846440540635,-0.516983852469647
2023-04-17,-0.4958656198051689,-0.5665085666488631
2023-04-18,-0.5004307993564379,-0.5256715320783862
2023-04-19,-0.5748044351548878,-0.4496322337613822
2023-04-20,-0.5217035018513455,-0.6423073744949535
2023-04-21,-0.6981939533636227,-0.7797073223510788
2023-04-24,-0.9067907447898425,-0.48514376726920305
2023-04-25,0.3295870836063658,0.4027916454844817
2023-04-26,0.45745853106121587,0.40501607897295705
2023-04-27,-0.6886725172881571,-0.32997887852097335
2023-04-28,-0.6476324197614886,-0.45265273610693607
2023-05-01,-0.1629776405870261,-0.26582088725534325
2023-05-02,1.2848519505736062,0.028888919573681716
2023-05-03,0.3661920800954842,-0.06334263212996975
2023-05-04,0.40369921270628806,0.21471592965248845
2023-05-05,-0.21184235695360604,0.10869815238604512
2023-05-08,-0.4724767837092526,0.09303354896146981
2023-05-09,-0.2041325493287181,0.34661695874466486
2023-05-10,-0.5143781244813357,0.2656551642620372
2023-05-11,-0.438291150210117,-0.04795617104851174
2023-05-12,-0.50096914798682,-0.5001911256295063
2023-05-15,-0.6973856467897238,-0.25395679859546477
2023-05-16,-0.0670873294482767,0.0026958409326348844
2023-05-17,-0.6152611749676443,-0.38023158726116973
2023-05-18,-0.7286065648577632,-0.2305694812000269
2023-05-19,-0.5915397986506634,0.18161404884491547
2023-05-22,-0.22972947065193616,0.5044842378244245
2023-05-23,-0.10716398083935909,0.34019237819848647
2023-05-24,-0.08125400255569352,0.4176498113899177
2023-05-25,0.12569281932598175,0.08526949823452527
2023-05-26,-0.35295732935617946,-0.07256946189146915
2023-05-30,-0.055133898921686256,-0.031775699914387556
2023-05-31,0.0842262307120461,0.17843432207525706
2023-06-01,-0.8929291904340626,-0.06897114880275815
2023-06-02,-0.6768368210183966,-0.35330489546106914
2023-06-05,-0.7118650798361643,-0.6695868205351305
2023-06-06,-1.0920051196791092,-0.8627443530341168
2023-06-07,-0.995166502711459,-0.5978079457094895
2023-06-08,-1.0551609625691265,-0.7653051329824089
2023-06-09,-0.9269148190224088,-1.087446611765919
2023-06-12,-0.8168320443693085,-0.690094624969692
2023-06-13,-0.898282548963134,-0.7953240404248803
2023-06-14,-1.0518896698364786,-0.9975626720277767
2023-06-15,-1.0138114371697273,-0.8134554883553782
2023-06-16,-0.8551381991243543,-0.9876490293981192
2023-06-20,-0.9118384513978519,-0.7647315696273346
2023-06-21,-0.9155321630596414,-0.7962762629781918
2023-06-22,-1.0052487314136123,-0.9855989682012632
2023-06-23,-0.8920674485848386,-1.1559057966659718
2023-06-26,-0.8368277831835778,-0.8956088300627802
2023-06-27,-1.1826760662102056,-0.9570486150049012
2023-06-28,-1.165285952613775,-0.928330562052917
2023-06-29,-1.0803211635897514,-0.8302937379766012
2023-06-30,-1.290976554752218,-0.7398318444362779
2023-07-03,-1.1529754575372455,-0.9263869089812501
2023-07-05,-0.8904629455120132,-0.7455333992417122
2023-07-06,-0.3158720365719968,0.25071018148053525
2023-07-07,-0.6462847799572732,0.09503722387151187
2023-07-10,-0.8929077595326926,-0.17077379339608614
2023-07-11,-0.8699614963884775,-0.174854053999223
2023-07-12,-1.1807442633084662,-0.7467374643989828
2023-07-13,-1.0988682868918291,-1.0182751968171295
2023-07-14,-0.9596423052337906,-1.0423991138289788
2023-07-17,-1.133093738184021,-1.03120043841441
2023-07-18,-1.2632710415405857,-0.9094056771082584
2023-07-19,-1.0960825617707664,-1.0769565581103284
2023-07-20,-0.8369287418596849,-0.4793268236926564
2023-07-21,-1.07646316404307,-1.1134434656945502
2023-07-24,-1.0443804572618272,-0.9583171116901313
2023-07-25,-0.9668620257680262,-0.8333590829812099
2023-07-26,-1.1745147946228955,-1.2339135872416687
2023-07-27,-0.6377718092689458,-0.6659071920121051
2023-07-28,-1.2661304832216786,-0.9357002499954821
2023-07-31,-0.9415766863202634,-0.9325000738882485
2023-08-01,-0.8502679200923571,-0.6717851117200896
2023-08-02,-0.5561309864908767,-0.5072048339799803
2023-08-03,-0.5096037962950027,0.24050594869611636
2023-08-04,-0.5591550971579935,-0.6099106258792091
2023-08-07,-0.717197203033727,-0.6014737964528349
2023-08-08,-0.6171263309906911,-0.6167918265777552
2023-08-09,-0.4284560329134497,-0.49749614082089727
2023-08-10,-0.7421876560860222,-0.6445041954814476
2023-08-11,-0.6568679542990008,-0.6019700469559462
2023-08-14,-0.7395427897184135,-0.7310670768192753
2023-08-15,-0.45158496520994085,-0.3629172286413322
2023-08-16,-0.4298487314197764,-0.6245292134258061
2023-08-17,-0.2584771862259122,-0.5108522577024055
2023-08-18,-0.2916319389759072,-0.6580230407733015
2023-08-21,-0.3903417399150224,-0.14211597903334908
2023-08-22,-0.4923277432327855,-0.1361294800820352
2023-08-23,-0.688065970911337,-0.5672800065445313
2023-08-24,-0.1683684384928173,-0.4136755784811592
2023-08-25,-0.786561395452167,-0.5384032791604794
2023-08-28,-0.7991503565880281,-0.6012795493593277
2023-08-29,-0.731216912627539,-0.6471306314517619
2023-08-30,-1.0177508741556742,-0.9118810688116441
2023-08-31,-1.1641501044122993,-0.9999315325785804
2023-09-01,-1.1942843886392447,-1.1116984345920338
2023-09-05,-0.832423323506544,-0.7350835561991218
2023-09-06,-0.7660294708462522,-0.8967103241127974
2023-09-07,-0.9390997712096305,-0.9477277121432793
2023-09-08,-1.1133278092550911,-1.244373289576967
2023-09-11,-1.047911787896107,-0.9425990071015267
2023-09-12,-0.7878535606075986,-0.9407167939829597
2023-09-13,-1.0879740476888324,-1.2218597000485536
2023-09-14,-1.3298651140874334,-1.2001244418005703
2023-09-15,-0.9705641400915033,-1.0281677392848905
2023-09-18,-0.9597589322640356,-1.103082722190479
2023-09-19,-1.0007004738850924,-1.1566461971189692
2023-09-20,-0.5364027947320608,-0.8125832072081726
2023-09-21,-0.10699473353799874,-0.44540168368303407
2023-09-22,-0.25060456101336365,-0.4754993146800152
2023-09-25,-0.700816394578806,-0.49146380664980577
2023-09-26,0.22687265527162104,0.08627892601748598
2023-09-27,-0.054813690297318494,-0.38756860460091097
2023-09-28,-0.08749548427406482,-0.17510825201012503
2023-09-29,-0.1478456004918252,-0.4305649703135624
2023-10-02,0.05657626320658017,0.11125629424328597
2023-10-03,-0.08178524838042105,0.5107346964212516
2023-10-04,0.4018968550598809,0.3797878773426618
2023-10-05,0.37848792402544595,0.058242406475859175
2023-10-06,-0.20300126758780374,-0.08668770958934574
2023-10-09,0.42342448126457394,0.002304210507389717
2023-10-10,0.3368645853675192,-0.3787677725570298
2023-10-11,-0.2575011581993576,-0.26551397550699013
2023-10-12,-0.34335186458692996,0.04895929595828309
2023-10-13,0.4847770167916317,0.1244690078545375
2023-10-16,-0.339602888066867,-0.11287249642938453
2023-10-17,-0.07479240718020787,0.015308740167815098
2023-10-18,0.19675667701697266,0.526572127386802
2023-10-19,0.20948059775983738,0.398393803325217
2023-10-20,0.3600340043554086,0.4224265320660331
2023-10-23,0.19095480884069133,0.2757883649187362
2023-10-24,0.4988654756387948,2.412513123708504
2023-10-25,0.21622130151756358,0.3723904074564535
2023-10-26,0.24384042069151535,0.44732537175154313
2023-10-27,0.408056157884206,0.49074439882034243
2023-10-30,0.19135624673900065,0.5066822508074169
2023-10-31,-0.10352353402717107,0.039971397679332124
2023-11-01,-0.4768877912842023,-0.25720350660509383
2023-11-02,-0.8489477099118533,-0.2587074308587436
2023-11-03,-0.7151437009239122,-0.3080927204523483
2023-11-06,-0.6274394654677148,-0.19305955627180496
2023-11-07,-0.5954671832683084,-0.23858238417370495
2023-11-08,-0.5907127421018894,-0.4548729532360795
2023-11-09,-0.1775858564921699,-0.2138050210512467
2023-11-10,-0.9449710461406841,-0.37968804548473917
2023-11-13,-0.7216216699314948,0.1611105953798241
2023-11-14,-0.39500811972011773,0.019494577806116967
2023-11-15,-0.3847064231403944,-0.2027455545415904
2023-11-16,-0.2835525460384995,-0.3834165409304157
2023-11-17,-0.7598100305245903,-0.5638264764421647
2023-11-20,-0.948289698629873,-0.7100695352657906
2023-11-21,-1.0377108504294879,-0.4836955521793105
2023-11-22,-1.3450185094780187,-1.161584972896107
2023-11-24,-1.30930645047023,-1.177046618620313
2023-11-27,-1.054990295727411,-1.0998783589543806
2023-11-28,-1.4648042172672102,-1.0802361311899924
2023-11-29,-1.356684794028788,-1.228925014727475
2023-11-30,-1.5071570449912137,-1.2433642097479196
2023-12-01,-1.5093592198177992,-0.8849398102597617
2023-12-04,-1.0722994389151803,-1.0038835550750638
2023-12-05,-0.989794231749079,-0.4854411443324921
2023-12-06,-0.9198525548201297,-0.47131722585695063
2023-12-07,-1.2262586724056872,-0.473521641149223
2023-12-08,-1.3277264209653925,-0.7983345389887763
2023-12-11,-1.3322492738208993,-0.47332820069853304
2023-12-12,-1.278850416685099,-1.0898547124523983
2023-12-13,-0.9490155912835478,-1.0136612835881682
2023-12-14,-1.2380670640195148,-1.0856277938707912
2023-12-15,-1.1886942523554702,-0.9938579048510972
2023-12-18,-1.1839353145572606,-1.068842650612965
2023-12-19,-1.2857986156022319,-1.0398855635292126
2023-12-20,-0.4277949141287723,-0.37512080662637415
2023-12-21,-1.2193183887618264,-0.9885871537990417
2023-12-22,-1.2991191133335134,-1.112643852862679
2023-12-26,-1.346920935186045,-1.046863086762733
2023-12-27,-1.0540439610419603,-0.9994336224995577
2023-12-28,-1.269353852917649,-1.1080352760004892
2023-12-29,-1.408471492354256,-1.353293246775648
2024-01-02,-1.1527522724581776,-0.45103899638804307
2024-01-03,-0.9528889654969622,-0.3330914116118408
2024-01-04,-1.0629846069793623,-0.7896689124970598
2024-01-05,-1.3172157683154089,-1.1626475768250626
2024-01-08,-1.1539355102770776,-0.8531322654006199
2024-01-09,-1.1023106162985135,-0.9512855541693875
2024-01-10,-1.1272763335034843,-1.0773111853954878
2024-01-11,-1.018675884882388,-0.7465212561337549
2024-01-12,-1.17110689142158,-1.0967208888054312
2024-01-16,-1.019370778114068,-0.8482777248179316
2024-01-17,-0.3452943587812363,-0.7577244664909141
2024-01-18,-1.0429382755948096,-0.8308758107158758
2024-01-19,-1.1863030480356427,-1.079390481575263
2024-01-22,-1.2248829791800786,-1.1998710907902528
2024-01-23,-1.2455471886463199,-1.031483348060043
2024-01-24,-1.1148420919089523,-1.2275971666942203
2024-01-25,-1.185455393593102,-1.1783428247987766
2024-01-26,-1.2428372125906137,-1.4559132077066836
2024-01-29,-1.200781915450093,-1.0980719324780293
2024-01-30,-0.8856342830684247,-1.198840405136043
2024-01-31,-0.555947245385784,-0.585184162702737
2024-02-01,-0.28941127520529736,-0.7931170240718342
2024-02-02,-0.5733957447244638,-0.8085324655706952
2024-02-05,-0.3276064484795391,-0.573495352259137
2024-02-06,-0.7905370601142921,-0.9572955245138531
2024-02-07,-1.2322752914120054,-1.0949249549675055
2024-02-08,-1.2344666906871051,-1.1442311367148166
2024-02-09,-1.1605746765229996,-1.2367122238202322
2024-02-12,-1.0682036359914695,-0.8694357936146434
2024-02-13,-0.26316096061547495,-0.23211159895785183
2024-02-14,-0.907255012694576,-0.6359377372925553
2024-02-15,-0.9651277794588385,-0.710054691459124
2024-02-16,-0.8948274083352118,-0.723728420704998
2024-02-20,0.24685698291269997,-0.5232822452820776
2024-02-21,-0.6980550975421372,-0.6388344764309595
2024-02-22,-0.8668167768469576,-0.7721544680179847
2024-02-23,-0.6734335565241971,-0.9521865070562711
2024-02-26,-0.8366167782303088,-0.6383269724809066
2024-02-27,-1.0181620430625171,-0.9428115800319455
2024-02-28,-0.7726483083049711,-0.9198025492509454
2024-02-29,-1.4913715116196777,-1.2192325994748077
2024-03-01,-1.4158613493854957,-1.1510470148268164
2024-03-04,-0.9415906317255471,-1.006045446656186
2024-03-05,-0.7084508565733416,-0.7477334124620646
2024-03-06,-0.827437074915748,-1.0184864219223522
2024-03-07,-0.9717724917039463,-0.8735906739768847
2024-03-08,-0.5204226394720484,-0.9055411359488077
2024-03-11,-0.7447218182917493,-0.8177505149291888
2024-03-12,-0.8790507470073095,-1.1309736468452936
2024-03-13,-0.6867643584576263,-1.1545488366219507
2024-03-14,-0.9066887699538703,-0.797398721066377
2024-03-15,-0.7442266374836766,-0.9045441915239605
2024-03-18,-0.9807906947164884,-1.0214690298327997
2024-03-19,-1.0840335629328783,-1.1277246480117813
2024-03-20,-1.312340828054068,-0.9773428248760737
2024-03-21,-1.2891190744117793,-1.1632098897513579
2024-03-22,-1.1612864774990383,-1.3216528280763642
2024-03-25,-1.2587935610545071,-1.14304955375303
2024-03-26,-0.7181678145004037,-1.2041026993754513
2024-03-27,-1.2536369728300552,-1.2565282049375428
2024-03-28,-1.2660189144556708,-1.2306779474314622
2024-04-01,-1.1417108246893126,-0.9766765581678225
2024-04-02,-0.7454756219506083,-0.8724889099270643
2024-04-03,-0.7289143617978562,-0.9214436069724248
2024-04-04,-0.5691827866322857,-0.4478542616935313
2024-04-05,-0.8602190384014491,-0.4472886749632506
2024-04-08,-0.5769059773976937,-0.7370361032366491
2024-04-09,-0.7941590197236011,-0.8204259437364323
2024-04-10,-0.03606862027007424,-0.3769530759395574
2024-04-11,-0.7692194739054403,-0.5136034084180604
2024-04-12,0.43473417072460907,0.05612580481235847
2024-04-15,0.2261092336013711,-0.019179246766398636
2024-04-16,0.017696965195029144,-0.40331652449450534
2024-04-17,0.30897108688734515,-0.3830228230548225
2024-04-18,-0.020706691634715384,-0.6592305738071744
2024-04-19,0.2924566768431533,-0.39234787924901793
2024-04-22,-0.6777423530766726,-0.4264562006804307
2024-04-23,-0.9049893739581903,-0.54229626268152
2024-04-24,-0.7071352884922216,-0.6578307880698195
2024-04-25,-0.6474757584844003,-0.5996927989159466
2024-04-26,-0.6582846444683441,-0.8195998022514481
2024-04-29,-0.7373680221102905,-0.919437205965953
2024-04-30,-0.5751996658497703,-0.37313297306536986
2024-05-01,-0.3010996064950472,-0.5771406783290194
2024-05-02,-0.8046334546481075,-0.9558377035740406
2024-05-03,-1.049539744733681,-0.9552160327298114
2024-05-06,-1.2044195793119177,-0.508541878991722
2024-05-07,-1.1140458237518795,-0.8254491534770606
2024-05-08,-1.149042878610869,-1.1619914834584355
2024-05-09,-1.243940323294095,-1.0511495262569743
2024-05-10,-1.0675540696650312,-1.2941855122247317
2024-05-13,-1.2752585714879008,-1.2411951924888158
2024-05-14,-1.277467212551018,-1.2016032910330257
2024-05-15,-1.34901862421993,-1.0975261783816326
2024-05-16,-1.158171349694004,-1.2537976396009345
2024-05-17,-1.4087908127580075,-1.1317689263199373
2024-05-20,-0.7170305286391648,-1.2064746244869258
2024-05-21,-1.172480001762731,-1.1367164406839898
2024-05-22,-1.1294408320268414,-1.376604128925672
2024-05-23,-0.9196857427464814,-1.1037395462205106
2024-05-24,-1.370361982373803,-1.1596593552275911
2024-05-28,-1.1899537181401891,-1.0638298288763042
2024-05-29,-0.6095105039544129,-0.9935106918949924
2024-05-30,-0.6416875212147917,-0.8179100999134741
2024-05-31,-1.2296013704604716,-1.0725585130884683
2024-06-03,-0.8393962460531995,-0.6780475210476895
2024-06-04,-0.8827749994185862,-1.083671164468406
2024-06-05,-1.3032341623436448,-1.1007598475545732
2024-06-06,-1.2850820937240521,-1.2993540734432198
2024-06-07,-0.9621796460755391,-0.8979796602440248
2024-06-10,-1.2644177591712522,-1.057919712842203
2024-06-11,-0.9135989950975861,-1.1531911309387317
2024-06-12,-1.4060457720401711,-1.1937674979223376
2024-06-13,-1.09385460024297,-1.2132835395427324
2024-06-14,-1.4613826202703692,-1.1494751382033104
2024-06-17,-1.515595348329415,-1.2984398297251512
2024-06-18,-1.2331238811399594,-0.8567142618504334
2024-06-20,-1.0150410751445467,-1.074198667451123
2024-06-21,-1.0011563802934298,-1.2086857547256395
2024-06-24,-0.9426539767835586,-1.1313668735901423
2024-06-25,-1.2766585187617145,-1.2421441936761628
2024-06-26,-1.3765327196540276,-1.327755232965076
2024-06-27,-1.4238171399586308,-1.3480930666339885
2024-06-28,-1.1931451612886363,-1.0649528345199815
2024-07-01,-1.4192949559161672,-1.1370798517334886
2024-07-02,-1.4302397547057333,-1.0754333709713746
2024-07-03,-1.4111799750719975,-1.044429981860411
2024-07-05,-1.1228365358251404,-1.1385570556343183
2024-07-08,-1.4017299330041408,-1.3295114602360951
2024-07-09,-1.3404617892812094,-1.4586318948288788
2024-07-10,-1.4900728989837753,-1.2432363845853136
2024-07-11,-1.1026419491790918,-1.0378470555164254
2024-07-12,-1.1688412265387234,-1.0712516307395907
2024-07-15,-1.1434429799954287,-1.0696123561853879
2024-07-16,-1.4722499577234087,-1.0081006334701983
2024-07-17,-0.5644813454583903,-0.8726553126335912
2024-07-18,-0.523927619455121,-0.3660646705924017
2024-07-19,-0.4538515772596086,-0.5765323880428871
2024-07-22,-0.8218020085914145,-0.6780652164986475
2024-07-23,-0.3380523754082199,-0.9115424551564268
2024-07-24,0.6037562203022517,-0.4569084292756112
2024-07-25,0.2968711523646537,-0.03694913829061872
2024-07-26,-0.7286464640116707,-0.4854547436391326
2024-07-29,-0.406737019759947,-0.5679387704898962
2024-07-30,-0.006597310637345811,-0.3507718106627505
2024-07-31,-0.701954134703192,-0.1730060575158825
2024-08-01,1.329297258579371,0.026471036597929057
2024-08-02,1.9524904288690408,0.6891494818801406
2024-08-05,2.190093449384963,2.0782192283553824
2024-08-06,1.1258160521442222,0.6766589656707811
2024-08-07,1.269129083993783,0.8385474502867367
2024-08-08,0.5069245067106578,0.14257994821138964
2024-08-09,0.11336701276644043,0.022894125851838837
2024-08-12,0.07504068358813652,0.18074553185862244
2024-08-13,0.18138462862576657,-0.17353594974165754
2024-08-14,-0.4445442113809111,-0.3148810555795547
2024-08-15,-0.605933479253174,-0.423570838887419
2024-08-16,-0.43792182547354225,-0.2071130496964372
2024-08-19,-0.6089480792038257,-0.3386671620446578
2024-08-20,-0.1269216468181374,-0.27280259673812585
2024-08-21,-0.38829921350426133,-0.302710168300807
2024-08-22,0.01649648996733586,-0.17102129213382794
2024-08-23,-0.5790910234770608,-0.3456152501851995
2024-08-26,-0.24789368814191692,-0.12754666296999775
2024-08-27,-0.2711865315271496,-0.2626122731685971
2024-08-28,-0.31595610641962873,-0.20306214181607402
2024-08-29,-0.692119884220891,-0.3541643886725074
2024-08-30,-0.9313642980985396,-0.3996400670455225
2024-09-03,0.6461038194644588,0.17517110952582335
2024-09-04,0.2261421748199011,0.12452630646147608
2024-09-05,0.09423796690253565,0.06998186429313966
2024-09-06,0.20410392389353496,0.17517110952582335
2024-09-09,-0.08083132137853727,0.101030803703674
2024-09-10,0.7052779120343743,0.13271528724761553
2024-09-11,-0.056343590628139296,-0.11038138237377676
2024-09-12,-0.6712738092109547,-0.2091464137064653
2024-09-13,-0.8017574169940082,-0.4255679060206345
2024-09-16,-0.7200403956539053,-0.6539497874145171
2024-09-17,-0.33366676029731557,-0.6821817090440786
2024-09-18,-0.24355493017329358,-0.7145709028648171
2024-09-19,-0.739351899292542,-0.21338716542355587
2024-09-20,-0.4000822276705117,-0.19174651443911794
2024-09-23,-0.6636613779696243,-0.4018135122039819
2024-09-24,-0.5905965007218426,-0.41513450300477966
2024-09-25,-0.5096304148765232,-0.5835557174656631
2024-09-26,-0.687300171868673,-1.0463989136315388
2024-09-27,-0.6495429400355358,-0.6670078560832495
2024-09-30,-0.860498332115188,-0.7777266803829266
2024-10-01,0.4083479142038022,-0.1565529246641175
2024-10-02,-0.13153837230327045,-0.5078910011028459
2024-10-03,-0.038960261057659824,-0.4763417584506296
2024-10-04,-0.07983216061848197,-0.2251388602400495
2024-10-07,0.3513210877620947,0.32382357831511255
2024-10-08,0.08781049425439119,-0.08928943160331708
2024-10-09,-0.1318067369002197,-0.4107072617927306
2024-10-10,-0.16103164500253728,-0.279347821431083
2024-10-11,0.03420990453191186,-0.22768870517181525
2024-10-14,-0.17433234444919343,-0.44791906975121365
2024-10-15,0.25011891494077715,0.21794426063918007
2024-10-16,-0.09178942634482458,-0.20791183270513053
2024-10-17,-0.17000381373125611,-0.4015968495971444
2024-10-18,-0.18416384935356936,-0.664137659489198
2024-10-21,-0.10009657128746727,0.07187846094032668
2024-10-22,-0.5483464884312649,-0.3380226536012655
2024-10-23,0.123581774656076,0.2829202992235626
2024-10-24,0.012307579478390356,0.5363407634178449
2024-10-25,-0.09739603587307201,-0.033953929403854145
2024-10-28,0.1002437165455629,-0.030905743168897493
2024-10-29,0.2341002895860329,0.39838415271247063
2024-10-30,-0.20264963277694126,-0.006694630281797277
2024-10-31,0.05118259970311788,0.3485878290962222
2024-11-01,0.2584247671794945,0.27907404578456807
2024-11-04,0.17540331416348698,0.3419015751484115
2024-11-05,-0.16478260864112032,0.14077917250475722
2024-11-06,-0.7223112516653923,-0.1749337058545222
2024-11-07,-0.0721350349777387,-0.6084324613842631
2024-11-08,-0.3788682555446565,-0.6497952849083111
2024-11-11,-0.6647421414083494,-0.5722333830051747
2024-11-12,-0.4161701738025494,-0.6365338390584616
2024-11-13,-1.0272175899289178,-1.0628760652987699
2024-11-14,-0.9527493323134835,-0.913284562969266
2024-11-15,-0.4930630766558956,-0.221921767408248
2024-11-18,-0.7363864533475817,-0.3360609368967791
2024-11-19,-0.43084818856487556,-0.3282027319415809
2024-11-20,-0.5738855687304938,-0.37313685713095607
2024-11-21,-0.609435678309795,-0.3244226398473296
2024-11-22,-0.9216265812865074,-0.7588066226628051
2024-11-25,-0.5229145386074797,-0.8808337684311841
2024-11-26,-1.1052680492394917,-0.8123512457713523
2024-11-27,-0.874592653293051,-0.6708524128762675
2024-11-29,-1.3811404904018203,-1.1745948250662326
2024-12-02,-1.1075675541234995,-1.1788639343175815
2024-12-03,-1.0418370566089183,-1.2413521215768106
2024-12-04,-0.9244423542430805,-1.22666426271305
2024-12-05,-1.2395123739113747,-1.2603004573266028
2024-12-06,-1.126858161934484,-1.3713736041534839
2024-12-09,-0.8234753461858834,-0.9430673220191663
2024-12-10,-0.9197116561162443,-0.9952648964249419
2024-12-11,-1.0905770615783474,-1.1495104706085566
2024-12-12,-0.6468646283472957,-1.0571151264498408
2024-12-13,-1.0099800284941554,-1.1451296310880084
2024-12-16,-0.5330916109967734,-1.0352127434014065
2024-12-17,-0.3797928489660265,-0.7355491288068101
2024-12-18,0.8321335349147766,0.8441254988718748
2024-12-19,0.4353774032167259,-0.06872896600636279
2024-12-20,-0.07604617678474809,-0.34155599990959656
2024-12-23,-0.6797850222530902,-0.43279220473080304
2024-12-24,-0.9253716333155699,-0.7817891488926929
2024-12-26,-0.7943326047569225,-1.0593459448850187
2024-12-27,-0.670246211443151,-0.2745722791508911
2024-12-30,-0.23156456422547292,-0.14061310600551574
2024-12-31,-0.14216326848519473,-0.06497495683351537
2025-01-02,-0.23609894196634681,-0.17218877523879067
2025-01-03,-0.8320943077776048,-0.32256056311656267
2025-01-06,-0.6950828656474983,-0.2671567586191148
2025-01-07,-0.0007846114056620063,-0.15226991285516492
2025-01-08,-0.029655041586900348,-0.17958138972820265
2025-01-10,0.3061830358043552,0.4483739867856758
2025-01-13,0.18116837690606866,0.024605557419607703
2025-01-14,-0.024516250109942905,0.18196441537661986
2025-01-15,-0.6510520134386975,-0.08407370439261312
2025-01-16,-0.2643789829469474,-0.02429763780699773
2025-01-17,-0.7201411090829005,-0.25658595904040765
2025-01-21,-0.5841211847858646,-0.33230475826337824
2025-01-22,-0.41051592620336536,-0.3534591275040251
2025-01-23,-0.8539562713266021,-0.6186375477384106
2025-01-24,-0.28947941163733953,-0.5927897564733474
2025-01-27,0.556942640791673,0.24959788160364146
2025-01-28,-0.35341862583666067,-0.06391342027202411
2025-01-29,-0.5833752093670366,-0.31499468597583713
2025-01-30,-0.44519580025527095,-0.5096194632327931
2025-01-31,-0.5311257608252555,-0.532659646663409
2025-02-03,-0.009778591429083655,0.023541566932048553
2025-02-04,-0.310318267599918,-0.4818569746750495
2025-02-05,-0.6871924905575286,-0.7054598819494772
2025-02-06,-0.43759873471072996,-0.8744941053451473
2025-02-07,-0.5107471219826276,-0.5893620042237638
2025-02-10,-0.6144577833508007,-0.41911516710450547
2025-02-11,0.10510614270841258,-0.7723859074819803
2025-02-12,-0.3243829956225756,-0.6483971790024883
2025-02-13,-0.83656126535402,-0.7117079854551391
2025-02-14,-0.8986422851232024,-0.8525938345236164
2025-02-18,-0.8119176849932133,-0.8205108086119387
2025-02-19,-0.6796101607199859,-0.8647019258233212
2025-02-20,-0.5846910901930935,-0.5291054274266446
2025-02-21,0.5575681395279605,-0.44510171167190943
2025-02-24,-0.035447745520524265,-0.05900984597488463
2025-02-25,0.3857960727348037,-0.019974778013105942
2025-02-26,0.01714397470626788,-0.259684357370017
2025-02-27,0.1847369123683579,-0.11274607483600596
2025-02-28,-0.057108114169046105,-0.24172372916898474
2025-03-03,0.6127022494600427,0.321266451291272
2025-03-04,0.6589318528940448,0.3268805938806485
2025-03-05,0.13131815548990253,0.00026951143917764656
2025-03-06,0.6059165879035842,0.6666767755845626
2025-03-07,0.4787283504381348,0.04660954150930844
2025-03-10,1.229656169539559,1.1360973372175405
2025-03-11,1.2022460145187241,1.127215744008314
2025-03-12,0.32009125565045493,0.3375133872713137
2025-03-13,0.5350460097688488,0.7948541222885577
2025-03-14,0.02934758246880618,0.11756670934067369
2025-03-17,0.15943343133513682,0.06998013943518686
2025-03-18,0.1734361397567748,0.3065843990023531
2025-03-19,0.1323803811295278,0.051006025379563565
2025-03-20,0.23029357605751583,0.10358132860313381
2025-03-21,0.06420374505430376,0.10075949885739222
2025-03-24,-0.007314614390061025,-0.23435055305396668
2025-03-25,-0.14477938814028904,-0.018325921388743744
2025-03-26,0.4580430900960068,0.001703557061959883
2025-03-27,0.4893525464975294,0.23649254639478712
2025-03-28,0.4196446899056836,0.3889719247077932
2025-03-31,0.5014376566536279,0.0868752126983673
2025-04-01,1.1501036564513312,0.4464788897896652
2025-04-02,0.026523301193564157,0.045449572725561486
2025-04-03,3.454390559793063,1.9540848768893138
2025-04-04,5.403970570282935,5.804825184144561
2025-04-07,3.9598145573915984,5.182813564410705
2025-04-08,4.385065342883069,5.100314336430156
2025-04-09,3.7525080628880643,6.2601721816842995
2025-04-10,4.546847350352093,6.556173832622671
2025-04-11,4.7576935509608855,5.417768180736657
2025-04-14,3.9803043150901196,4.433044008438162
2025-04-15,3.6167103938669176,4.476263304142592
2025-04-16,2.8180712768953575,2.1088996909968225
2025-04-17,2.519849264695115,1.859326580534045
2025-04-21,3.394402020317044,3.427269534971035
2025-04-22,2.2241255053663576,1.6581339458827675
2025-04-23,1.968368086620957,1.4685359854764066
2025-04-24,1.346675005639149,1.1013375103292433
2025-04-25,0.9089171536016967,1.0901878983764237
2025-04-28,0.9774163652369954,0.9165406239149323
2025-04-29,1.109726640349203,0.6952379252836987
2025-04-30,1.2042413720261151,0.9167436317637111
2025-05-01,0.7824376487084592,0.8552763858951963
2025-05-02,0.6798060216151414,0.4702107032893948
2025-05-05,1.3472162278357733,0.7393347954912323
2025-05-06,1.2763551696620203,1.2291891672136843
2025-05-07,1.0810374879954674,0.7628729838749972
2025-05-08,0.17927719710019321,0.49260583409018593
2025-05-09,0.2979812044061548,0.16197339710525227
2025-05-12,-0.5353249464216707,0.23332820275323723
2025-05-13,0.17941060893222596,0.07120534983827369
2025-05-14,0.2448006633793159,-0.028014714090084256
2025-05-15,0.5164381169157933,-0.07857599199966839
2025-05-16,0.08384581071100883,-0.15259349038653985
2025-05-19,-0.056236627733319236,-0.39953069883054937
2025-05-20,0.019235739056543247,-0.24931822599707854
2025-05-21,0.45276205328487934,0.28725772993540555
2025-05-22,0.34571225579698206,0.47448623446443755
2025-05-23,0.2824521060298253,0.28214087483456207
2025-05-27,0.014680562069875763,0.13289830292314375
2025-05-28,0.08954525964690446,0.16621884919075297
2025-05-29,0.13187718986433297,0.11025076145630172
2025-05-30,0.2832775292171138,0.08053010972447952
2025-06-02,-0.04968106692712991,-0.05495794336334599
2025-06-03,-0.34056866095723476,-0.17586191274296728
2025-06-04,-0.07036595395931407,-0.34869231940451967
2025-06-05,0.00011684168084278097,-0.06757047794758758
2025-06-06,-0.641194012183572,-0.18506200579256973
2025-06-09,-0.6116243022751419,-0.19654228698915474
2025-06-10,-0.6056160804964595,-0.5398436542300546
2025-06-11,-0.19609316110777272,-0.5296970331112519
2025-06-12,-0.15228327025424224,-0.5519584792089817
2025-06-13,0.12579854078042796,0.06664474991292173
2025-06-16,0.07739589052737603,-0.2239862325838247
2025-06-17,0.2921072402069806,0.4114760032644792
2025-06-18,0.023386683997359645,-0.1329077135023975
2025-06-20,-0.05212056417937723,-0.24099927676661445
2025-06-23,0.19429158185539658,-0.24058829485344949
2025-06-24,-0.12035546049704014,-0.49742770518337887
2025-06-25,-0.5177676491997506,-0.6046017140371097
2025-06-26,-0.8033794375087504,-0.6398884822888473
2025-06-27,-0.5389862574122033,-0.791001138548712
2025-06-30,-0.4008429719334925,-0.691966555402025
2025-07-01,-0.4043738283061818,-0.6503758101792105
2025-07-02,-1.0015085577142915,-0.6922795283637309
2025-07-03,-0.9367402750042442,-0.7532786732413724
2025-07-07,0.03187113741867371,-0.401949838008774
2025-07-08,-0.2906280960453113,-0.6236475819952652
2025-07-09,-0.5094529769331535,-0.6136000686074145
2025-07-10,-0.7293641422796706,-0.6341816461270737
2025-07-11,-0.7383759335585431,-0.7109204656886754
2025-07-14,-0.37300931494620926,-0.7215983609659804
2025-07-15,-0.21932018643250636,-0.8222893140175087
2025-07-16,-0.4063457091276067,-0.42969528923361333
2025-07-17,-0.6655890395704214,-0.8318510207457203
2025-07-18,-0.6006132043084035,-0.6843477609450922
2025-07-21,-0.545048346483536,-0.6905241500478253
2025-07-22,-0.754238836828479,-0.6820587348207942
2025-07-23,-0.736090829807076,-0.8491687803293169
2025-07-24,-0.7120161654926921,-0.9829567281018747
2025-07-25,-0.7934455797373202,-0.9521880880964743
2025-07-28,-0.7514858945699566,-0.8704195709265126
2025-07-29,-0.4677061278549417,-0.7032950916054996
2025-07-30,-0.6716465905734613,-0.9011434398671009
2025-07-31,-0.7351464330249778,-0.5373445971538462
2025-08-01,0.21863443019435946,0.09346683908112857
2025-08-04,-0.13733749420224817,-0.5537141969241953
2025-08-05,-0.16965010500598887,-0.3878847968962019
2025-08-06,-0.45421189941727075,-0.5952987003067014
2025-08-07,-0.21995040734189586,-0.5003934792681501
2025-08-08,-0.8895304912736206,-0.9080722081730089
2025-08-11,-0.4696267566258492,-0.7464380768658885
2025-08-12,-0.9708386571445168,-1.075626037367744
2025-08-13,-0.8139556491155633,-1.0620096700516914
2025-08-14,-0.8885363097432971,-0.8920902669067959
2025-08-15,-0.5428321470523527,-0.8286638279033052
2025-08-18,-0.607266268371245,-0.8134856610570063
2025-08-19,-0.6692483822998583,-0.8017379076667936
2025-08-20,-0.9351481474332547,-0.7953209371913849
2025-08-21,-0.8661936763864998,-0.9178540404204077
2025-08-22,-1.0969468758091092,-0.8257239015868826
2025-08-25,-0.770695836333143,-0.7508558007425126
2025-08-26,-0.7028311787466504,-0.9299719152027701
2025-08-27,-0.7681830726097453,-0.842553548206326
2025-08-28,-0.6488314963677286,-0.5294412419368563
2025-08-29,-0.7780952165511249,-0.7623582594417322
2025-09-02,-0.46843822679109803,-0.5335004793460036
2025-09-03,-0.4020150643526383,-0.7581583319614403
2025-09-04,-0.7747481664237226,-0.7427821963732947
2025-09-05,-0.4397297261743425,-0.6067266043493091
2025-09-08,-0.5061691924817197,-0.663479797438278
2025-09-09,-0.8266473251994881,-0.9775022404872807
2025-09-10,-0.8362716290348476,-0.85563846216534
2025-09-11,-0.9319852509881149,-1.069551037887998
2025-09-12,-0.9422517340023907,-1.0661581469286505
2025-09-15,-0.8396748701993164,-0.694650863715012
2025-09-16,-0.5808460245587642,-0.7476060997077743
2025-09-17,-0.7983245796803434,-0.8058640045290616
2025-09-18,-0.853214230928989,-0.7849912620014317
2025-09-19,-0.808534257000518,-0.844187209044597
2025-09-22,-0.7700106913984531,-0.6164957692252772
2025-09-23,-0.6285827122308495,-0.6619025171902786
2025-09-24,-0.6273269668412337,-0.6740426491138829
2025-09-25,-0.7073063556024081,-0.5903940288499432
2025-09-26,-0.834478187818769,-0.7410114153232189
2025-09-29,-0.4704422950985631,-0.7414366463776734
2025-09-30,-0.4194111333439381,-0.778538958603518
2025-10-01,-0.5847833388304399,-0.7150899568849898
2025-10-02,-0.8007609698100764,-0.7683221680618862
2025-10-03,-0.8208786414523855,-0.5120869740387961
2025-10-06,-0.8126764160925563,-0.6546320240428669
2025-10-07,-0.37369781407038655,-0.3813206863192862
2025-10-08,-0.8128494536666173,-0.41406794063469304
2025-10-09,-0.4111047310670595,-0.5413180084820067
2025-10-10,0.5547959760088776,0.26262611915008993
2025-10-13,0.026840612158738175,-0.0243515213792123
2025-10-14,0.36977092775581943,0.00839195375150542
2025-10-15,-0.007478165030452813,0.0005697085043562266
2025-10-16,0.8365512783463217,0.21039358965834387
2025-10-17,0.13454108522147654,-0.19861384258268708
2025-10-20,-0.21705310785304704,-0.48029456450854874
2025-10-21,0.8663324707297947,-0.06720309604525732
2025-10-22,0.03989181202637727,-0.24017095667706698
2025-10-23,-0.38859334600768314,-0.5655688198974689
2025-10-24,-0.5827695873885342,-0.4566824743639374
2025-10-27,-0.8409128512364863,-0.17511722003882593
2025-10-28,-0.36854387560573426,-0.18075929288398968
2025-10-29,-0.557588076610058,-0.4246014238911431
2025-10-30,-0.3100694372379766,-0.013093172757058
2025-10-31,-0.2944831498077612,-0.30788459977763954
2025-11-03,-0.571693000362492,-0.28344804085098146
2025-11-04,0.19389276117680876,0.14108762155711832
2025-11-05,-0.1614937358160968,-0.22688182050971842
2025-11-06,0.10035486073151699,0.19893585778347103
2025-11-07,0.41623205923946077,-0.12988197438285826
2025-11-10,-0.2402803322781583,-0.3531343636591851
2025-11-11,0.007855579277210764,-0.4604145572294402
2025-11-12,-0.011753252615086389,-0.5140144699397853
2025-11-13,0.09134086403757449,-0.0023023591301047225
2025-11-14,0.3256131971634589,-0.10761539163888412
2025-11-17,0.28984530935628317,-0.013856322586043489
2025-11-18,0.5902841778210001,0.20120650550472402
2025-11-19,0.45359852717359084,-0.2455707941558868
2025-11-20,0.7815685233462126,0.531493222124892
2025-11-21,0.778817912944789,-0.002308333848133022
2025-11-24,0.08454625067248264,0.14472470784020128
2025-11-25,0.004869284054639842,-0.12469717941593375
2025-11-26,-0.6498528812538618,-0.2726326345265442
2025-11-28,-0.8948891049386855,-0.4052293927145329
2025-12-01,-0.15178821939659098,-0.055696697109548624
2025-12-02,-0.5316176872554966,-0.2572854577494213
2025-12-03,-0.7053760507141741,-0.42348703159560575
2025-12-04,-0.742001047370157,-0.30411261438520026
2025-12-05,-0.9972513786881763,-0.9276523890904127
2025-12-08,-0.4607795823222972,-0.5065720820880785
2025-12-09,-0.5816389010404953,-0.8394002656992661
2025-12-10,-0.8085772277081859,-0.7002444739673341
2025-12-11,-0.7384860328603681,-0.7499470077666729
2025-12-12,-0.4759929206733047,-0.664032822523644
2025-12-15,-0.43197469818696893,-0.5765992057676964
2025-12-16,-0.488924463445215,-0.4966695249446513
2025-12-17,-0.059872578027828804,-0.5879856605596782
2025-12-18,-0.5207245451380178,-0.5705065978091459
2025-12-19,-0.8052732683444219,-0.8166984070833677
2025-12-22,-0.8955314451473481,-0.9233726651903646
2025-12-23,-1.0425123670693344,-0.9534610881486754
2025-12-24,-1.2774862149190311,-1.4544603823628295
2025-12-26,-1.3232832646854518,-1.3197686300250049
2025-12-29,-0.8113885277559946,-0.8554613843800808
2025-12-30,-1.1466804943504962,-0.9791639229955257
2025-12-31,-0.7268191098232467,-0.9557143769238478
2026-01-02,-0.9765826186192746,-0.9863753514853588
2026-01-05,-0.8567691785453142,-0.7559514322734167
2026-01-06,-0.7069409222674125,-0.8757541012502674
2026-01-07,-0.33901426767037635,-0.5951109963752602
2026-01-08,-0.05237615187571026,-0.8210052392964666
2026-01-09,-0.8982419380012109,-1.0223680325784412
2026-01-12,-0.5397395468071431,-0.6374124378274922
2026-01-13,-0.455515753029766,-0.5669504083423048
2026-01-14,-0.5016257752905026,-0.5094925973072262
2026-01-15,-0.689580010646993,-0.7019266994947175
2026-01-16,-0.8511258632974272,-0.6641693999319959
2026-01-20,0.6235211801838082,0.14117115677556935
2026-01-21,-0.6416947259291895,-0.38507625197264184
2026-01-22,-0.7616138674406536,-0.38462647609110545
2026-01-23,-0.5318807063301102,-0.5056650076459019
2026-01-26,-0.6341870935931924,-0.46439361139196733
2026-01-27,-0.7599458762282411,-0.5420641069647091
2026-01-28,-0.9325542135813049,-0.7131486446528885
2026-01-29,-0.8821207184884784,-0.5017457406304853
2026-01-30,1.1279185435314911,-0.33989091223385304
2026-02-02,-0.42190668038482204,-0.672578452676186
2026-02-03,0.22394122100056432,-0.5756618184015201
2026-02-04,0.04491902804897221,-0.16654723485866949
2026-02-05,0.28227351050013194,0.1388000558391195
2026-02-06,-0.45718174635750364,-0.46887955835907535
2026-02-09,-0.17305457859915288,-0.42040856258676595
2026-02-10,-0.06287313165017414,-0.30987790209342214
2026-02-11,0.43638229436684856,-0.11658154636833386
2026-02-12,0.36117888523674285,0.270421511358522
2026-02-13,0.0642638376906322,0.16970687719701366
2026-02-17,0.259667287335001,0.11922769693107298
2026-02-18,0.05535793483306336,-0.2402002603968541
2026-02-19,-0.05321267665984193,-0.2105590938608131
2026-02-20,-0.019467906786198953,-0.3443058529427452
2026-02-23,0.22833180239898476,0.11264618270539219
2026-02-24,-0.018218251335964112,-0.10031850205643317
2026-02-25,-0.14332632329733452,-0.531045616922037
2026-02-26,0.10778092422002639,0.23258759543385252
2026-02-27,0.3685345919108176,0.06906700505645885
2026-03-02,0.04730909169209389,-0.034337988821097655
2026-03-03,0.41127829413084105,0.11466160648682487
2026-03-04,0.061326957677498475,-0.10585933421977446
2026-03-05,0.4897007974204457,0.09748622088135214
2026-03-06,1.2666030161403319,0.9944559345852212
2026-03-09,0.6195219953739304,0.28932433793843504
2026-03-10,0.37522713325299895,0.23336863536152677
2026-03-11,0.2071800209392534,-0.16804108637763698
2026-03-12,0.8397514111773199,0.6586557408059471
2026-03-13,0.691642640328081,0.5652645754402204
2026-03-16,0.18392044667208166,-0.29829423311181513
2026-03-17,0.028330776724809652,-0.21944925422883715
2026-03-18,0.584635623537556,0.41623865570687274
2026-03-19,0.3961897618842544,0.06695820370649258
2026-03-20,0.7470512696885503,1.0116686116590416
2026-03-23,0.5738351860362488,0.44098375992084476
2026-03-24,0.7374670695974029,0.6822752714883457
2026-03-25,0.6733058140950571,0.2766976162695895
2026-03-26,0.7693229599234148,1.0595959069141812
2026-03-27,1.3660117881402414,1.6317065348722934
2026-03-30,1.3995092177673238,1.3186234392100762
2026-03-31,0.28715107960867364,0.8493574646594196
2026-04-01,0.5042676538716697,0.613501302354912
2026-04-02,0.3297796114496743,0.21879607358420577
2026-04-06,0.4294652529674438,0.3058970500713448
2026-04-07,0.6809753181604906,0.7133862925187789
2026-04-08,0.2752438520073394,0.1642554015049626
2026-04-09,0.25197436436909604,0.12650745281068582
2026-04-10,0.06331342255758754,0.08606465800508237
2026-04-13,-0.06328904216185335,
2026-04-14,0.13235775396597593,
2026-04-15,-0.022372803221031093,
2026-04-16,-0.2021263041998023,
